Influencer ID,Average Performance,Performance Variance,Video Count,Face Images
influencer_12,2.263,0.0,1,faces/cd88f16401582ff5ececd64a431fa62a.jpg
influencer_13,2.263,0.0,1,faces/fbfbaf8a6be0b3832d1c356a30653920.jpg
influencer_14,2.263,0.0,1,faces/d76247f8ef9b8bb1a108edec7376e688.jpg
influencer_5,2.1378,0.0156750399999999,2,"faces/e58ad395be4b3ec15c18ff895cde9a7e.jpg, faces/dd21e4ae5833d4299ca8650efbb88393.jpg"
influencer_28,1.6774006585,0.0011850096761369,2,"faces/4063e9dfd6a7b407503055c082d9164e.jpg, faces/4063e9dfd6a7b407503055c082d9164e.jpg"
influencer_29,1.376462849,0.0,1,faces/dbd94e2f426e7b1f3a734352d93b20ca.jpg
influencer_1,1.3684279069767442,0.4119722829421308,43,"faces/b4276bc949e34cbe57508a545bc73b33.jpg, faces/b4276bc949e34cbe57508a545bc73b33.jpg, faces/30f1897f0a2d99bae6c0928fb79cd902.jpg, faces/b4276bc949e34cbe57508a545bc73b33.jpg, faces/b4276bc949e34cbe57508a545bc73b33.jpg, faces/b4276bc949e34cbe57508a545bc73b33.jpg, faces/b4276bc949e34cbe57508a545bc73b33.jpg, faces/b4276bc949e34cbe57508a545bc73b33.jpg, faces/b4276bc949e34cbe57508a545bc73b33.jpg, faces/b4276bc949e34cbe57508a545bc73b33.jpg, faces/b4276bc949e34cbe57508a545bc73b33.jpg, faces/b4276bc949e34cbe57508a545bc73b33.jpg, faces/b4276bc949e34cbe57508a545bc73b33.jpg, faces/b4276bc949e34cbe57508a545bc73b33.jpg, faces/b4276bc949e34cbe57508a545bc73b33.jpg, faces/b4276bc949e34cbe57508a545bc73b33.jpg, faces/b4276bc949e34cbe57508a545bc73b33.jpg, faces/8f10696b24ca870d4751c0db202893d3.jpg, faces/b4276bc949e34cbe57508a545bc73b33.jpg, faces/b4276bc949e34cbe57508a545bc73b33.jpg, faces/b4276bc949e34cbe57508a545bc73b33.jpg, faces/b4276bc949e34cbe57508a545bc73b33.jpg, faces/c32cc4bfdf55dbdf950a07b739130b65.jpg, faces/b4276bc949e34cbe57508a545bc73b33.jpg, faces/b4276bc949e34cbe57508a545bc73b33.jpg, faces/b4276bc949e34cbe57508a545bc73b33.jpg, faces/b4276bc949e34cbe57508a545bc73b33.jpg, faces/546bacfa056582affce809a51dfbe7d0.jpg, faces/b4276bc949e34cbe57508a545bc73b33.jpg, faces/b4276bc949e34cbe57508a545bc73b33.jpg, faces/b4276bc949e34cbe57508a545bc73b33.jpg, faces/b4276bc949e34cbe57508a545bc73b33.jpg, faces/b4276bc949e34cbe57508a545bc73b33.jpg, faces/b4276bc949e34cbe57508a545bc73b33.jpg, faces/b4276bc949e34cbe57508a545bc73b33.jpg, faces/b4276bc949e34cbe57508a545bc73b33.jpg, faces/b4276bc949e34cbe57508a545bc73b33.jpg, faces/b4276bc949e34cbe57508a545bc73b33.jpg, faces/b4276bc949e34cbe57508a545bc73b33.jpg, faces/b4276bc949e34cbe57508a545bc73b33.jpg, faces/b4276bc949e34cbe57508a545bc73b33.jpg, faces/b4276bc949e34cbe57508a545bc73b33.jpg, faces/b4276bc949e34cbe57508a545bc73b33.jpg"
influencer_2,1.34811,0.3894453593999999,40,"faces/d034c298608194225eef5174f0a9684d.jpg, faces/d034c298608194225eef5174f0a9684d.jpg, faces/d034c298608194225eef5174f0a9684d.jpg, faces/d034c298608194225eef5174f0a9684d.jpg, faces/d034c298608194225eef5174f0a9684d.jpg, faces/d034c298608194225eef5174f0a9684d.jpg, faces/d034c298608194225eef5174f0a9684d.jpg, faces/d034c298608194225eef5174f0a9684d.jpg, faces/d034c298608194225eef5174f0a9684d.jpg, faces/d034c298608194225eef5174f0a9684d.jpg, faces/d034c298608194225eef5174f0a9684d.jpg, faces/d034c298608194225eef5174f0a9684d.jpg, faces/d034c298608194225eef5174f0a9684d.jpg, faces/d034c298608194225eef5174f0a9684d.jpg, faces/d034c298608194225eef5174f0a9684d.jpg, faces/d034c298608194225eef5174f0a9684d.jpg, faces/d034c298608194225eef5174f0a9684d.jpg, faces/d034c298608194225eef5174f0a9684d.jpg, faces/d034c298608194225eef5174f0a9684d.jpg, faces/d034c298608194225eef5174f0a9684d.jpg, faces/53e156d68faa98c2e0c154cbc1802d31.jpg, faces/d034c298608194225eef5174f0a9684d.jpg, faces/d034c298608194225eef5174f0a9684d.jpg, faces/d034c298608194225eef5174f0a9684d.jpg, faces/d034c298608194225eef5174f0a9684d.jpg, faces/d034c298608194225eef5174f0a9684d.jpg, faces/d034c298608194225eef5174f0a9684d.jpg, faces/d034c298608194225eef5174f0a9684d.jpg, faces/d034c298608194225eef5174f0a9684d.jpg, faces/d034c298608194225eef5174f0a9684d.jpg, faces/d034c298608194225eef5174f0a9684d.jpg, faces/d034c298608194225eef5174f0a9684d.jpg, faces/d034c298608194225eef5174f0a9684d.jpg, faces/d034c298608194225eef5174f0a9684d.jpg, faces/d034c298608194225eef5174f0a9684d.jpg, faces/d034c298608194225eef5174f0a9684d.jpg, faces/d034c298608194225eef5174f0a9684d.jpg, faces/d034c298608194225eef5174f0a9684d.jpg, faces/d034c298608194225eef5174f0a9684d.jpg, faces/d034c298608194225eef5174f0a9684d.jpg"
influencer_38,1.339103855,0.0,1,faces/e32d847cbb77a05eb0fb78bcc998847a.jpg
influencer_25,1.3256,0.0,1,faces/5f7f108b5d30475379417ca4edc968c1.jpg
influencer_4,1.3124222222222222,0.482842801728395,9,"faces/196344cd091cd0ff2322776a3f8de768.jpg, faces/adfceec354c6adb61c769efd8b99e65d.jpg, faces/f262188010f24fa1b0d577fb22248852.jpg, faces/f350e48a2dd0aed54ee0e429deabbcb6.jpg, faces/e32d847cbb77a05eb0fb78bcc998847a.jpg, faces/61bbc656408c21162cfc42208621dd02.jpg, faces/b669f212b09e0a3e72ad707675977f1a.jpg, faces/7aee1dfa7c71b38485735d68d7e4c7aa.jpg, faces/f1613b6839fb7e4eaf5ccbb02e48251e.jpg"
influencer_33,1.307943366975,0.1719614630720902,4,"faces/55ca280aa9def7fe19dad530442bfbe8.jpg, faces/55ca280aa9def7fe19dad530442bfbe8.jpg, faces/55ca280aa9def7fe19dad530442bfbe8.jpg, faces/55ca280aa9def7fe19dad530442bfbe8.jpg"
influencer_34,1.307943366975,0.1719614630720902,4,"faces/f1bf5a6cc34759cfc7a158fa83a6ee75.jpg, faces/f1bf5a6cc34759cfc7a158fa83a6ee75.jpg, faces/f1bf5a6cc34759cfc7a158fa83a6ee75.jpg, faces/f1bf5a6cc34759cfc7a158fa83a6ee75.jpg"
influencer_3,1.259892452830189,0.4737371403203987,53,"faces/8953afec89309ab3c8af915e01627c5d.jpg, faces/9f5b207deac3070fdc3198bac98e5e1f.jpg, faces/8953afec89309ab3c8af915e01627c5d.jpg, faces/c15d1559d93d6ef1afe93534b0690b07.jpg, faces/8953afec89309ab3c8af915e01627c5d.jpg, faces/8953afec89309ab3c8af915e01627c5d.jpg, faces/8953afec89309ab3c8af915e01627c5d.jpg, faces/8953afec89309ab3c8af915e01627c5d.jpg, faces/8953afec89309ab3c8af915e01627c5d.jpg, faces/8953afec89309ab3c8af915e01627c5d.jpg, faces/d48b98453fe13b439b935ed81f393cf4.jpg, faces/8953afec89309ab3c8af915e01627c5d.jpg, faces/8953afec89309ab3c8af915e01627c5d.jpg, faces/8953afec89309ab3c8af915e01627c5d.jpg, faces/8953afec89309ab3c8af915e01627c5d.jpg, faces/7b45346b1f06bf56dfe644003cadf356.jpg, faces/ae4fe4e5f8af0a0469ec2bfab80ff75c.jpg, faces/8953afec89309ab3c8af915e01627c5d.jpg, faces/8953afec89309ab3c8af915e01627c5d.jpg, faces/8953afec89309ab3c8af915e01627c5d.jpg, faces/8953afec89309ab3c8af915e01627c5d.jpg, faces/8953afec89309ab3c8af915e01627c5d.jpg, faces/8953afec89309ab3c8af915e01627c5d.jpg, faces/8953afec89309ab3c8af915e01627c5d.jpg, faces/8953afec89309ab3c8af915e01627c5d.jpg, faces/73d7f40c11236f8b3747fbc6d5e0eeaf.jpg, faces/8953afec89309ab3c8af915e01627c5d.jpg, faces/8953afec89309ab3c8af915e01627c5d.jpg, faces/8953afec89309ab3c8af915e01627c5d.jpg, faces/8953afec89309ab3c8af915e01627c5d.jpg, faces/d48b98453fe13b439b935ed81f393cf4.jpg, faces/8953afec89309ab3c8af915e01627c5d.jpg, faces/8953afec89309ab3c8af915e01627c5d.jpg, faces/8953afec89309ab3c8af915e01627c5d.jpg, faces/a3d937afeeaf28e8eb1c00813109b778.jpg, faces/8953afec89309ab3c8af915e01627c5d.jpg, faces/8953afec89309ab3c8af915e01627c5d.jpg, faces/d48b98453fe13b439b935ed81f393cf4.jpg, faces/8953afec89309ab3c8af915e01627c5d.jpg, faces/8953afec89309ab3c8af915e01627c5d.jpg, faces/8953afec89309ab3c8af915e01627c5d.jpg, faces/8953afec89309ab3c8af915e01627c5d.jpg, faces/98c097c4166819ad80ddf45a98960057.jpg, faces/8953afec89309ab3c8af915e01627c5d.jpg, faces/8953afec89309ab3c8af915e01627c5d.jpg, faces/8953afec89309ab3c8af915e01627c5d.jpg, faces/8953afec89309ab3c8af915e01627c5d.jpg, faces/8953afec89309ab3c8af915e01627c5d.jpg, faces/f281b0a6e22042fae7a7f02dfff3fff5.jpg, faces/8953afec89309ab3c8af915e01627c5d.jpg, faces/d48b98453fe13b439b935ed81f393cf4.jpg, faces/7b45346b1f06bf56dfe644003cadf356.jpg, faces/ae4fe4e5f8af0a0469ec2bfab80ff75c.jpg"
influencer_14,1.2417320009,0.2982765118571163,2,"faces/7e72e3c9d228eb4762fba471994eb198.jpg, faces/7e72e3c9d228eb4762fba471994eb198.jpg"
influencer_16,1.2417320009,0.2982765118571163,2,"faces/a1cf72493bb0c525fa09aae720ed7858.jpg, faces/a1cf72493bb0c525fa09aae720ed7858.jpg"
influencer_11,1.13048487865,0.0190728778757413,2,"faces/07712c6c8f76d928adc8604387104ef3.jpg, faces/07712c6c8f76d928adc8604387104ef3.jpg"
influencer_10,1.1227,0.0,1,faces/a78b8696ba89189eeb54cfebc370cdf9.jpg
influencer_13,1.1102475326090908,0.1458305727221078,11,"faces/dc28a21f0abade26ede40a7e51b53b7a.jpg, faces/dc28a21f0abade26ede40a7e51b53b7a.jpg, faces/d6e2644b62c09c3ec9b41686939828d6.jpg, faces/47f335fbc43b59aea94376eebd03f3f3.jpg, faces/b068a18694c0f3957b4778ef590718c2.jpg, faces/47f335fbc43b59aea94376eebd03f3f3.jpg, faces/247250f0355a516ec634fd7bd74bd9d7.jpg, faces/47f335fbc43b59aea94376eebd03f3f3.jpg, faces/47f335fbc43b59aea94376eebd03f3f3.jpg, faces/61bbc656408c21162cfc42208621dd02.jpg, faces/b068a18694c0f3957b4778ef590718c2.jpg"
influencer_8,1.0806315789473682,0.3692586179501385,19,"faces/f4d20cb8e919405a7ec9e3699b1d2f95.jpg, faces/b8b5a717bad4707981cc71674ac55071.jpg, faces/f4d20cb8e919405a7ec9e3699b1d2f95.jpg, faces/f4d20cb8e919405a7ec9e3699b1d2f95.jpg, faces/f4d20cb8e919405a7ec9e3699b1d2f95.jpg, faces/f4d20cb8e919405a7ec9e3699b1d2f95.jpg, faces/f4d20cb8e919405a7ec9e3699b1d2f95.jpg, faces/f4d20cb8e919405a7ec9e3699b1d2f95.jpg, faces/b8b5a717bad4707981cc71674ac55071.jpg, faces/f4d20cb8e919405a7ec9e3699b1d2f95.jpg, faces/b8b5a717bad4707981cc71674ac55071.jpg, faces/b8b5a717bad4707981cc71674ac55071.jpg, faces/b8b5a717bad4707981cc71674ac55071.jpg, faces/b8b5a717bad4707981cc71674ac55071.jpg, faces/f4d20cb8e919405a7ec9e3699b1d2f95.jpg, faces/f4d20cb8e919405a7ec9e3699b1d2f95.jpg, faces/f4d20cb8e919405a7ec9e3699b1d2f95.jpg, faces/b8b5a717bad4707981cc71674ac55071.jpg, faces/b8b5a717bad4707981cc71674ac55071.jpg"
influencer_15,1.07390057295,0.2022000464785364,8,"faces/1e518ac85da9e588c4350258ae2d87d6.jpg, faces/1e518ac85da9e588c4350258ae2d87d6.jpg, faces/eb67c2679f661ce5339a5d43f4160de0.jpg, faces/6b81062ae24402dd9af249303b8464d6.jpg, faces/6b81062ae24402dd9af249303b8464d6.jpg, faces/6b81062ae24402dd9af249303b8464d6.jpg, faces/a0b41f7cb29b37db23b1001e5cc9eff1.jpg, faces/6b81062ae24402dd9af249303b8464d6.jpg"
influencer_35,1.06452448145,0.0134643079375657,2,"faces/6112270b7957a5bf755dae1ee143d9bd.jpg, faces/6112270b7957a5bf755dae1ee143d9bd.jpg"
influencer_7,0.9945130434782606,0.3895432506994328,23,"faces/206c117a366e030291c08e32b1391cd4.jpg, faces/c45dadfd24b50df74e2d181a5ba61581.jpg, faces/3681e8d4f5a08b5c7094b58c4ceb4813.jpg, faces/babe829391ac9bfdd84870d801e15dd8.jpg, faces/206c117a366e030291c08e32b1391cd4.jpg, faces/206c117a366e030291c08e32b1391cd4.jpg, faces/206c117a366e030291c08e32b1391cd4.jpg, faces/206c117a366e030291c08e32b1391cd4.jpg, faces/206c117a366e030291c08e32b1391cd4.jpg, faces/206c117a366e030291c08e32b1391cd4.jpg, faces/babe829391ac9bfdd84870d801e15dd8.jpg, faces/206c117a366e030291c08e32b1391cd4.jpg, faces/babe829391ac9bfdd84870d801e15dd8.jpg, faces/babe829391ac9bfdd84870d801e15dd8.jpg, faces/babe829391ac9bfdd84870d801e15dd8.jpg, faces/babe829391ac9bfdd84870d801e15dd8.jpg, faces/206c117a366e030291c08e32b1391cd4.jpg, faces/206c117a366e030291c08e32b1391cd4.jpg, faces/bc0e4155f9793d5e598fea637855b9bd.jpg, faces/206c117a366e030291c08e32b1391cd4.jpg, faces/babe829391ac9bfdd84870d801e15dd8.jpg, faces/babe829391ac9bfdd84870d801e15dd8.jpg, faces/3681e8d4f5a08b5c7094b58c4ceb4813.jpg"
influencer_9,0.9940615384615384,0.3552300400591716,26,"faces/5c8e219480223da3dcf1c51245436e54.jpg, faces/eb37ddd4150bcce1967c400f8446c151.jpg, faces/51f96d14b3c7b7e56856f9c3ed0c550f.jpg, faces/faf9c5bd201224a3172f8ac3ecfcddf0.jpg, faces/ec5a5d3c77a28574dd3d45cc8e13d6c3.jpg, faces/5c8e219480223da3dcf1c51245436e54.jpg, faces/5c8e219480223da3dcf1c51245436e54.jpg, faces/5c8e219480223da3dcf1c51245436e54.jpg, faces/5c8e219480223da3dcf1c51245436e54.jpg, faces/d492bf896114e98bb4992da2f8d90e80.jpg, faces/5c8e219480223da3dcf1c51245436e54.jpg, faces/5c8e219480223da3dcf1c51245436e54.jpg, faces/ec5a5d3c77a28574dd3d45cc8e13d6c3.jpg, faces/5c8e219480223da3dcf1c51245436e54.jpg, faces/ec5a5d3c77a28574dd3d45cc8e13d6c3.jpg, faces/ec5a5d3c77a28574dd3d45cc8e13d6c3.jpg, faces/ec5a5d3c77a28574dd3d45cc8e13d6c3.jpg, faces/ec5a5d3c77a28574dd3d45cc8e13d6c3.jpg, faces/5c8e219480223da3dcf1c51245436e54.jpg, faces/5c8e219480223da3dcf1c51245436e54.jpg, faces/b554dc8bb4328ec9f638c3b4753ba9fc.jpg, faces/5c8e219480223da3dcf1c51245436e54.jpg, faces/ec5a5d3c77a28574dd3d45cc8e13d6c3.jpg, faces/d492bf896114e98bb4992da2f8d90e80.jpg, faces/ec5a5d3c77a28574dd3d45cc8e13d6c3.jpg, faces/72d16f0ab32ed1163ed7afa8e31e88d8.jpg"
influencer_26,0.9871,0.28079401,2,"faces/7b1a79c8502cfda100c6f2d3600f2f32.jpg, faces/7b1a79c8502cfda100c6f2d3600f2f32.jpg"
influencer_27,0.9871,0.28079401,2,"faces/7bc44583d16413fab49005b86dd24f8d.jpg, faces/7bc44583d16413fab49005b86dd24f8d.jpg"
influencer_12,0.97418545095,0.1697999641043038,4,"faces/8b4f1764c24bf102a1d4bae5b0be2dda.jpg, faces/8b4f1764c24bf102a1d4bae5b0be2dda.jpg, faces/e43f743748c65cfb59c116fb226e84e4.jpg, faces/88bcef52e0c03d756a72ec886a65e6a9.jpg"
influencer_7,0.8799335583252381,0.277219030151578,63,"faces/8953afec89309ab3c8af915e01627c5d.jpg, faces/8953afec89309ab3c8af915e01627c5d.jpg, faces/8953afec89309ab3c8af915e01627c5d.jpg, faces/8953afec89309ab3c8af915e01627c5d.jpg, faces/8953afec89309ab3c8af915e01627c5d.jpg, faces/8953afec89309ab3c8af915e01627c5d.jpg, faces/8953afec89309ab3c8af915e01627c5d.jpg, faces/8953afec89309ab3c8af915e01627c5d.jpg, faces/8953afec89309ab3c8af915e01627c5d.jpg, faces/8953afec89309ab3c8af915e01627c5d.jpg, faces/8953afec89309ab3c8af915e01627c5d.jpg, faces/8953afec89309ab3c8af915e01627c5d.jpg, faces/8953afec89309ab3c8af915e01627c5d.jpg, faces/8953afec89309ab3c8af915e01627c5d.jpg, faces/98c097c4166819ad80ddf45a98960057.jpg, faces/8953afec89309ab3c8af915e01627c5d.jpg, faces/8953afec89309ab3c8af915e01627c5d.jpg, faces/8953afec89309ab3c8af915e01627c5d.jpg, faces/199c52129317560c5502f96e249fdbc4.jpg, faces/8953afec89309ab3c8af915e01627c5d.jpg, faces/8953afec89309ab3c8af915e01627c5d.jpg, faces/8953afec89309ab3c8af915e01627c5d.jpg, faces/8953afec89309ab3c8af915e01627c5d.jpg, faces/8953afec89309ab3c8af915e01627c5d.jpg, faces/8953afec89309ab3c8af915e01627c5d.jpg, faces/8953afec89309ab3c8af915e01627c5d.jpg, faces/199c52129317560c5502f96e249fdbc4.jpg, faces/8953afec89309ab3c8af915e01627c5d.jpg, faces/8953afec89309ab3c8af915e01627c5d.jpg, faces/8953afec89309ab3c8af915e01627c5d.jpg, faces/8953afec89309ab3c8af915e01627c5d.jpg, faces/8953afec89309ab3c8af915e01627c5d.jpg, faces/3d34e6c74ca939133c3afb67265274a8.jpg, faces/8953afec89309ab3c8af915e01627c5d.jpg, faces/8953afec89309ab3c8af915e01627c5d.jpg, faces/8953afec89309ab3c8af915e01627c5d.jpg, faces/98c097c4166819ad80ddf45a98960057.jpg, faces/1b9a82b14a6a486e9ec0017fde9c3cbb.jpg, faces/8953afec89309ab3c8af915e01627c5d.jpg, faces/98c097c4166819ad80ddf45a98960057.jpg, faces/1b9a82b14a6a486e9ec0017fde9c3cbb.jpg, faces/1b9a82b14a6a486e9ec0017fde9c3cbb.jpg, faces/1b9a82b14a6a486e9ec0017fde9c3cbb.jpg, faces/02e086bf00df1ae2743a3c6056fb1199.jpg, faces/a3d937afeeaf28e8eb1c00813109b778.jpg, faces/98c097c4166819ad80ddf45a98960057.jpg, faces/8953afec89309ab3c8af915e01627c5d.jpg, faces/8953afec89309ab3c8af915e01627c5d.jpg, faces/8953afec89309ab3c8af915e01627c5d.jpg, faces/8953afec89309ab3c8af915e01627c5d.jpg, faces/8953afec89309ab3c8af915e01627c5d.jpg, faces/8953afec89309ab3c8af915e01627c5d.jpg, faces/8953afec89309ab3c8af915e01627c5d.jpg, faces/8953afec89309ab3c8af915e01627c5d.jpg, faces/8953afec89309ab3c8af915e01627c5d.jpg, faces/8953afec89309ab3c8af915e01627c5d.jpg, faces/8953afec89309ab3c8af915e01627c5d.jpg, faces/8953afec89309ab3c8af915e01627c5d.jpg, faces/8953afec89309ab3c8af915e01627c5d.jpg, faces/8953afec89309ab3c8af915e01627c5d.jpg, faces/8953afec89309ab3c8af915e01627c5d.jpg, faces/8953afec89309ab3c8af915e01627c5d.jpg, faces/3dd9d0d1e397123300f1236928044846.jpg"
influencer_6,0.865373577020566,0.2619070354249309,53,"faces/d034c298608194225eef5174f0a9684d.jpg, faces/d034c298608194225eef5174f0a9684d.jpg, faces/d034c298608194225eef5174f0a9684d.jpg, faces/d034c298608194225eef5174f0a9684d.jpg, faces/d034c298608194225eef5174f0a9684d.jpg, faces/d034c298608194225eef5174f0a9684d.jpg, faces/d034c298608194225eef5174f0a9684d.jpg, faces/d034c298608194225eef5174f0a9684d.jpg, faces/d034c298608194225eef5174f0a9684d.jpg, faces/d034c298608194225eef5174f0a9684d.jpg, faces/d034c298608194225eef5174f0a9684d.jpg, faces/d034c298608194225eef5174f0a9684d.jpg, faces/d034c298608194225eef5174f0a9684d.jpg, faces/d034c298608194225eef5174f0a9684d.jpg, faces/d034c298608194225eef5174f0a9684d.jpg, faces/d034c298608194225eef5174f0a9684d.jpg, faces/d034c298608194225eef5174f0a9684d.jpg, faces/d034c298608194225eef5174f0a9684d.jpg, faces/d034c298608194225eef5174f0a9684d.jpg, faces/d034c298608194225eef5174f0a9684d.jpg, faces/d034c298608194225eef5174f0a9684d.jpg, faces/d034c298608194225eef5174f0a9684d.jpg, faces/d034c298608194225eef5174f0a9684d.jpg, faces/d034c298608194225eef5174f0a9684d.jpg, faces/d034c298608194225eef5174f0a9684d.jpg, faces/d034c298608194225eef5174f0a9684d.jpg, faces/d034c298608194225eef5174f0a9684d.jpg, faces/d034c298608194225eef5174f0a9684d.jpg, faces/d034c298608194225eef5174f0a9684d.jpg, faces/d034c298608194225eef5174f0a9684d.jpg, faces/d034c298608194225eef5174f0a9684d.jpg, faces/d034c298608194225eef5174f0a9684d.jpg, faces/0051fea5501cadbac1ace62257f5104c.jpg, faces/d034c298608194225eef5174f0a9684d.jpg, faces/0051fea5501cadbac1ace62257f5104c.jpg, faces/0051fea5501cadbac1ace62257f5104c.jpg, faces/0051fea5501cadbac1ace62257f5104c.jpg, faces/d034c298608194225eef5174f0a9684d.jpg, faces/d034c298608194225eef5174f0a9684d.jpg, faces/d034c298608194225eef5174f0a9684d.jpg, faces/d034c298608194225eef5174f0a9684d.jpg, faces/d034c298608194225eef5174f0a9684d.jpg, faces/d034c298608194225eef5174f0a9684d.jpg, faces/d034c298608194225eef5174f0a9684d.jpg, faces/d034c298608194225eef5174f0a9684d.jpg, faces/d034c298608194225eef5174f0a9684d.jpg, faces/d034c298608194225eef5174f0a9684d.jpg, faces/d034c298608194225eef5174f0a9684d.jpg, faces/d034c298608194225eef5174f0a9684d.jpg, faces/d034c298608194225eef5174f0a9684d.jpg, faces/d034c298608194225eef5174f0a9684d.jpg, faces/d034c298608194225eef5174f0a9684d.jpg, faces/d034c298608194225eef5174f0a9684d.jpg"
influencer_18,0.8652666666666665,0.2213915822222222,3,"faces/b4a68d511d8e121d8f23cecfeedf44ba.jpg, faces/d962b5c511d59a76ce3f39efe62feb03.jpg, faces/9e690b36da671c2b08a31b09edac3ba5.jpg"
influencer_17,0.85725,0.1937481658333333,6,"faces/a388762b70f9c812fbb2bffe708237df.jpg, faces/88bcef52e0c03d756a72ec886a65e6a9.jpg, faces/bb64d6d85834fbea9d0ef725c28879f3.jpg, faces/fa97a7971459a0c4ee05e4e856ed5c39.jpg, faces/dac5971c5eb4669c0728654ead87f10a.jpg, faces/dac5971c5eb4669c0728654ead87f10a.jpg"
influencer_8,0.8554351013166667,0.3037079877512206,6,"faces/086a0c1af6969bf67e25d68309bd1c6d.jpg, faces/aa89e6af599105482437473023af47d8.jpg, faces/73b798f2ee9fcf8c3ce5bea0375aa118.jpg, faces/7465e4116bfb2fa73f8aaefc2640d90c.jpg, faces/aa89e6af599105482437473023af47d8.jpg, faces/ff80bffb8b04890eb50e04d3b38990b1.jpg"
influencer_2,0.8536180996851923,0.3178459964624907,52,"faces/206c117a366e030291c08e32b1391cd4.jpg, faces/304af4a45db3841c19e5fffd28df51b7.jpg, faces/babe829391ac9bfdd84870d801e15dd8.jpg, faces/babe829391ac9bfdd84870d801e15dd8.jpg, faces/babe829391ac9bfdd84870d801e15dd8.jpg, faces/206c117a366e030291c08e32b1391cd4.jpg, faces/babe829391ac9bfdd84870d801e15dd8.jpg, faces/206c117a366e030291c08e32b1391cd4.jpg, faces/babe829391ac9bfdd84870d801e15dd8.jpg, faces/206c117a366e030291c08e32b1391cd4.jpg, faces/babe829391ac9bfdd84870d801e15dd8.jpg, faces/babe829391ac9bfdd84870d801e15dd8.jpg, faces/206c117a366e030291c08e32b1391cd4.jpg, faces/c7fd962f5b1d1b187958c0c53278b4cf.jpg, faces/bc0e4155f9793d5e598fea637855b9bd.jpg, faces/206c117a366e030291c08e32b1391cd4.jpg, faces/206c117a366e030291c08e32b1391cd4.jpg, faces/206c117a366e030291c08e32b1391cd4.jpg, faces/206c117a366e030291c08e32b1391cd4.jpg, faces/babe829391ac9bfdd84870d801e15dd8.jpg, faces/babe829391ac9bfdd84870d801e15dd8.jpg, faces/babe829391ac9bfdd84870d801e15dd8.jpg, faces/bc0e4155f9793d5e598fea637855b9bd.jpg, faces/babe829391ac9bfdd84870d801e15dd8.jpg, faces/b42088114bb09fb47df55269dd14d4f8.jpg, faces/c7fd962f5b1d1b187958c0c53278b4cf.jpg, faces/bc0e4155f9793d5e598fea637855b9bd.jpg, faces/babe829391ac9bfdd84870d801e15dd8.jpg, faces/b42088114bb09fb47df55269dd14d4f8.jpg, faces/c45dadfd24b50df74e2d181a5ba61581.jpg, faces/b42088114bb09fb47df55269dd14d4f8.jpg, faces/b42088114bb09fb47df55269dd14d4f8.jpg, faces/206c117a366e030291c08e32b1391cd4.jpg, faces/bc0e4155f9793d5e598fea637855b9bd.jpg, faces/206c117a366e030291c08e32b1391cd4.jpg, faces/206c117a366e030291c08e32b1391cd4.jpg, faces/babe829391ac9bfdd84870d801e15dd8.jpg, faces/babe829391ac9bfdd84870d801e15dd8.jpg, faces/babe829391ac9bfdd84870d801e15dd8.jpg, faces/206c117a366e030291c08e32b1391cd4.jpg, faces/babe829391ac9bfdd84870d801e15dd8.jpg, faces/206c117a366e030291c08e32b1391cd4.jpg, faces/206c117a366e030291c08e32b1391cd4.jpg, faces/babe829391ac9bfdd84870d801e15dd8.jpg, faces/babe829391ac9bfdd84870d801e15dd8.jpg, faces/206c117a366e030291c08e32b1391cd4.jpg, faces/babe829391ac9bfdd84870d801e15dd8.jpg, faces/206c117a366e030291c08e32b1391cd4.jpg, faces/206c117a366e030291c08e32b1391cd4.jpg, faces/babe829391ac9bfdd84870d801e15dd8.jpg, faces/206c117a366e030291c08e32b1391cd4.jpg, faces/babe829391ac9bfdd84870d801e15dd8.jpg"
influencer_1,0.846970398338,0.3100496460356405,5,"faces/24c6fc60bfee491b3030ec5b64577406.jpg, faces/d03b0675cfb1a66d6931d6a7ae4e59f7.jpg, faces/f281b0a6e22042fae7a7f02dfff3fff5.jpg, faces/6e5ff4217d457d04694780f43451b6ee.jpg, faces/6e5ff4217d457d04694780f43451b6ee.jpg"
influencer_5,0.8405690480782693,0.269719136244737,52,"faces/b4276bc949e34cbe57508a545bc73b33.jpg, faces/b4276bc949e34cbe57508a545bc73b33.jpg, faces/b4276bc949e34cbe57508a545bc73b33.jpg, faces/b4276bc949e34cbe57508a545bc73b33.jpg, faces/b4276bc949e34cbe57508a545bc73b33.jpg, faces/b4276bc949e34cbe57508a545bc73b33.jpg, faces/b4276bc949e34cbe57508a545bc73b33.jpg, faces/b4276bc949e34cbe57508a545bc73b33.jpg, faces/b4276bc949e34cbe57508a545bc73b33.jpg, faces/b4276bc949e34cbe57508a545bc73b33.jpg, faces/b4276bc949e34cbe57508a545bc73b33.jpg, faces/b4276bc949e34cbe57508a545bc73b33.jpg, faces/b4276bc949e34cbe57508a545bc73b33.jpg, faces/b4276bc949e34cbe57508a545bc73b33.jpg, faces/b4276bc949e34cbe57508a545bc73b33.jpg, faces/b4276bc949e34cbe57508a545bc73b33.jpg, faces/b4276bc949e34cbe57508a545bc73b33.jpg, faces/b4276bc949e34cbe57508a545bc73b33.jpg, faces/b4276bc949e34cbe57508a545bc73b33.jpg, faces/b4276bc949e34cbe57508a545bc73b33.jpg, faces/b4276bc949e34cbe57508a545bc73b33.jpg, faces/b4276bc949e34cbe57508a545bc73b33.jpg, faces/546bacfa056582affce809a51dfbe7d0.jpg, faces/b4276bc949e34cbe57508a545bc73b33.jpg, faces/b4276bc949e34cbe57508a545bc73b33.jpg, faces/b4276bc949e34cbe57508a545bc73b33.jpg, faces/546bacfa056582affce809a51dfbe7d0.jpg, faces/b4276bc949e34cbe57508a545bc73b33.jpg, faces/b4276bc949e34cbe57508a545bc73b33.jpg, faces/b4276bc949e34cbe57508a545bc73b33.jpg, faces/b4276bc949e34cbe57508a545bc73b33.jpg, faces/b4276bc949e34cbe57508a545bc73b33.jpg, faces/b4276bc949e34cbe57508a545bc73b33.jpg, faces/b4276bc949e34cbe57508a545bc73b33.jpg, faces/b4276bc949e34cbe57508a545bc73b33.jpg, faces/30f1897f0a2d99bae6c0928fb79cd902.jpg, faces/b4276bc949e34cbe57508a545bc73b33.jpg, faces/b4276bc949e34cbe57508a545bc73b33.jpg, faces/b4276bc949e34cbe57508a545bc73b33.jpg, faces/b4276bc949e34cbe57508a545bc73b33.jpg, faces/b4276bc949e34cbe57508a545bc73b33.jpg, faces/b4276bc949e34cbe57508a545bc73b33.jpg, faces/b4276bc949e34cbe57508a545bc73b33.jpg, faces/b4276bc949e34cbe57508a545bc73b33.jpg, faces/b4276bc949e34cbe57508a545bc73b33.jpg, faces/b4276bc949e34cbe57508a545bc73b33.jpg, faces/b4276bc949e34cbe57508a545bc73b33.jpg, faces/b4276bc949e34cbe57508a545bc73b33.jpg, faces/b4276bc949e34cbe57508a545bc73b33.jpg, faces/b4276bc949e34cbe57508a545bc73b33.jpg, faces/b4276bc949e34cbe57508a545bc73b33.jpg, faces/b4276bc949e34cbe57508a545bc73b33.jpg"
influencer_17,0.8240340061779999,0.2384164302503316,10,"faces/973d3684a4ef612c61b25d97e648f15a.jpg, faces/ee5732f7897025850dd99bbdc676572f.jpg, faces/be451ac137e6fdc57e5817aa43089e50.jpg, faces/05ba70029e223d6fd459afe7d055039d.jpg, faces/b6e370d5bba49d524f786bc6aaa1c96d.jpg, faces/d149f847abdcb4c810c9fcd04d2a7514.jpg, faces/4ff441196aca7c3de0d06a42172cd7c0.jpg, faces/4ff441196aca7c3de0d06a42172cd7c0.jpg, faces/be451ac137e6fdc57e5817aa43089e50.jpg, faces/05ba70029e223d6fd459afe7d055039d.jpg"
influencer_6,0.8139,0.319557825,8,"faces/292a2ffd5d7322321a4eb984550a51b4.jpg, faces/150baddd236aba0f4926e19472554110.jpg, faces/5b412d8a9d91c3ac168a9e65da432a5b.jpg, faces/e43f743748c65cfb59c116fb226e84e4.jpg, faces/f9a98bd2297e3a97410707e660d0a977.jpg, faces/1e8d8f13067dcfb091399ce903c45fcd.jpg, faces/0fa06acc920446ef7cdae8ad576550b5.jpg, faces/3fedf06e7aea7c462e23c0e8aee6da8f.jpg"
influencer_27,0.7761736526166668,0.2871279638981824,6,"faces/3fedf06e7aea7c462e23c0e8aee6da8f.jpg, faces/3fedf06e7aea7c462e23c0e8aee6da8f.jpg, faces/3fedf06e7aea7c462e23c0e8aee6da8f.jpg, faces/a7f84e9cddd35e4ba3a012094557d26e.jpg, faces/5f7f108b5d30475379417ca4edc968c1.jpg, faces/3fedf06e7aea7c462e23c0e8aee6da8f.jpg"
influencer_3,0.7543485145125,0.2736776773058543,40,"faces/f4d20cb8e919405a7ec9e3699b1d2f95.jpg, faces/b8b5a717bad4707981cc71674ac55071.jpg, faces/b8b5a717bad4707981cc71674ac55071.jpg, faces/b8b5a717bad4707981cc71674ac55071.jpg, faces/f4d20cb8e919405a7ec9e3699b1d2f95.jpg, faces/b8b5a717bad4707981cc71674ac55071.jpg, faces/f4d20cb8e919405a7ec9e3699b1d2f95.jpg, faces/b8b5a717bad4707981cc71674ac55071.jpg, faces/f4d20cb8e919405a7ec9e3699b1d2f95.jpg, faces/b8b5a717bad4707981cc71674ac55071.jpg, faces/b8b5a717bad4707981cc71674ac55071.jpg, faces/f4d20cb8e919405a7ec9e3699b1d2f95.jpg, faces/f4d20cb8e919405a7ec9e3699b1d2f95.jpg, faces/f4d20cb8e919405a7ec9e3699b1d2f95.jpg, faces/f4d20cb8e919405a7ec9e3699b1d2f95.jpg, faces/f4d20cb8e919405a7ec9e3699b1d2f95.jpg, faces/b8b5a717bad4707981cc71674ac55071.jpg, faces/b8b5a717bad4707981cc71674ac55071.jpg, faces/b8b5a717bad4707981cc71674ac55071.jpg, faces/b8b5a717bad4707981cc71674ac55071.jpg, faces/b8b5a717bad4707981cc71674ac55071.jpg, faces/f4d20cb8e919405a7ec9e3699b1d2f95.jpg, faces/f4d20cb8e919405a7ec9e3699b1d2f95.jpg, faces/f4d20cb8e919405a7ec9e3699b1d2f95.jpg, faces/b8b5a717bad4707981cc71674ac55071.jpg, faces/b8b5a717bad4707981cc71674ac55071.jpg, faces/b8b5a717bad4707981cc71674ac55071.jpg, faces/f4d20cb8e919405a7ec9e3699b1d2f95.jpg, faces/b8b5a717bad4707981cc71674ac55071.jpg, faces/f4d20cb8e919405a7ec9e3699b1d2f95.jpg, faces/f4d20cb8e919405a7ec9e3699b1d2f95.jpg, faces/b8b5a717bad4707981cc71674ac55071.jpg, faces/b8b5a717bad4707981cc71674ac55071.jpg, faces/f4d20cb8e919405a7ec9e3699b1d2f95.jpg, faces/b8b5a717bad4707981cc71674ac55071.jpg, faces/f4d20cb8e919405a7ec9e3699b1d2f95.jpg, faces/f4d20cb8e919405a7ec9e3699b1d2f95.jpg, faces/b8b5a717bad4707981cc71674ac55071.jpg, faces/f4d20cb8e919405a7ec9e3699b1d2f95.jpg, faces/b8b5a717bad4707981cc71674ac55071.jpg"
influencer_39,0.7411026971,0.0,1,faces/503cec3016b342cdb93b5964e0b4b4c4.jpg
influencer_11,0.7371666666666666,0.0839861622222222,6,"faces/7471a916afb295f0049feac60d7903c7.jpg, faces/2ec87e2bfb5824656e1c0b96cfc18dcd.jpg, faces/8208af1a0fabbdf14321feb017ca8ff0.jpg, faces/a68277369707327cd8bfe488783e438e.jpg, faces/55d2e56028d808d3bebe83eb1b57808a.jpg, faces/f43b4a41727e6fc7daad041141f17038.jpg"
influencer_18,0.732541872345,0.3353165001242238,4,"faces/a388762b70f9c812fbb2bffe708237df.jpg, faces/fa97a7971459a0c4ee05e4e856ed5c39.jpg, faces/fa97a7971459a0c4ee05e4e856ed5c39.jpg, faces/2866c10aa4f306e390a8ac907e82f411.jpg"
influencer_9,0.7231698883337501,0.3489694648693934,8,"faces/5494c6830891b93eb8d025da15d4518b.jpg, faces/e3b71a54cc9cccc8c6e16d554f49f1bd.jpg, faces/4c1f07d52b6607d7fcc612b2798b4bd3.jpg, faces/d665f8112f48ff6a456b5f85eb8cda0e.jpg, faces/d665f8112f48ff6a456b5f85eb8cda0e.jpg, faces/4c1f07d52b6607d7fcc612b2798b4bd3.jpg, faces/4c1f07d52b6607d7fcc612b2798b4bd3.jpg, faces/4c1f07d52b6607d7fcc612b2798b4bd3.jpg"
influencer_4,0.7147119182038981,0.2814310787442351,59,"faces/5c8e219480223da3dcf1c51245436e54.jpg, faces/d48b98453fe13b439b935ed81f393cf4.jpg, faces/ec5a5d3c77a28574dd3d45cc8e13d6c3.jpg, faces/ec5a5d3c77a28574dd3d45cc8e13d6c3.jpg, faces/ec5a5d3c77a28574dd3d45cc8e13d6c3.jpg, faces/5c8e219480223da3dcf1c51245436e54.jpg, faces/ec5a5d3c77a28574dd3d45cc8e13d6c3.jpg, faces/5c8e219480223da3dcf1c51245436e54.jpg, faces/4a07bf326b557e6db4ca695457513c0f.jpg, faces/ec5a5d3c77a28574dd3d45cc8e13d6c3.jpg, faces/5c8e219480223da3dcf1c51245436e54.jpg, faces/ec5a5d3c77a28574dd3d45cc8e13d6c3.jpg, faces/ec5a5d3c77a28574dd3d45cc8e13d6c3.jpg, faces/51f96d14b3c7b7e56856f9c3ed0c550f.jpg, faces/5c8e219480223da3dcf1c51245436e54.jpg, faces/8b1fb3c51983d75d47a7a0c41b3b7138.jpg, faces/5c8e219480223da3dcf1c51245436e54.jpg, faces/5c8e219480223da3dcf1c51245436e54.jpg, faces/5c8e219480223da3dcf1c51245436e54.jpg, faces/5c8e219480223da3dcf1c51245436e54.jpg, faces/96d7f7e58bd67134ee4b69316aece027.jpg, faces/d48b98453fe13b439b935ed81f393cf4.jpg, faces/96d7f7e58bd67134ee4b69316aece027.jpg, faces/ec5a5d3c77a28574dd3d45cc8e13d6c3.jpg, faces/cbcb9ac3af06b90b3dc6a45f308e4227.jpg, faces/ec5a5d3c77a28574dd3d45cc8e13d6c3.jpg, faces/ec5a5d3c77a28574dd3d45cc8e13d6c3.jpg, faces/ec5a5d3c77a28574dd3d45cc8e13d6c3.jpg, faces/8b1fb3c51983d75d47a7a0c41b3b7138.jpg, faces/ec5a5d3c77a28574dd3d45cc8e13d6c3.jpg, faces/5e2204d1be3a0ec5ff2864232dd8b157.jpg, faces/eb37ddd4150bcce1967c400f8446c151.jpg, faces/5c8e219480223da3dcf1c51245436e54.jpg, faces/af82ace63004b698019a76fe60a44a2c.jpg, faces/cf7cb2e8175ddd768919401e87e9a6b7.jpg, faces/913ba21c7ca950267ed38bbac9b02b3d.jpg, faces/5c8e219480223da3dcf1c51245436e54.jpg, faces/5c8e219480223da3dcf1c51245436e54.jpg, faces/ec5a5d3c77a28574dd3d45cc8e13d6c3.jpg, faces/ec5a5d3c77a28574dd3d45cc8e13d6c3.jpg, faces/ec5a5d3c77a28574dd3d45cc8e13d6c3.jpg, faces/5c8e219480223da3dcf1c51245436e54.jpg, faces/ec5a5d3c77a28574dd3d45cc8e13d6c3.jpg, faces/5c8e219480223da3dcf1c51245436e54.jpg, faces/5c8e219480223da3dcf1c51245436e54.jpg, faces/ec5a5d3c77a28574dd3d45cc8e13d6c3.jpg, faces/ec5a5d3c77a28574dd3d45cc8e13d6c3.jpg, faces/5c8e219480223da3dcf1c51245436e54.jpg, faces/ec5a5d3c77a28574dd3d45cc8e13d6c3.jpg, faces/5c8e219480223da3dcf1c51245436e54.jpg, faces/5c8e219480223da3dcf1c51245436e54.jpg, faces/a22db835b809830862be7b29a59986ae.jpg, faces/8272101ee58858d1e3942bafd6bc0ece.jpg, faces/11ff7120e23822f3d967876a2f7f43f0.jpg, faces/ec5a5d3c77a28574dd3d45cc8e13d6c3.jpg, faces/5c8e219480223da3dcf1c51245436e54.jpg, faces/96d7f7e58bd67134ee4b69316aece027.jpg, faces/38e79fd08d228af5ca95659a26ee68dc.jpg, faces/ec5a5d3c77a28574dd3d45cc8e13d6c3.jpg"
influencer_40,0.7006029682,0.0,1,faces/7318147a3002c9fef56b1b8ef0ecca3b.jpg
influencer_30,0.67929046744,0.4257182264897903,2,"faces/1e623098a85ae340cbe8db907a91189d.jpg, faces/1e623098a85ae340cbe8db907a91189d.jpg"
influencer_23,0.6032310569683333,0.4376383756299546,6,"faces/5b412d8a9d91c3ac168a9e65da432a5b.jpg, faces/ee0736769ec9392fbadac318bb5d2594.jpg, faces/1e8d8f13067dcfb091399ce903c45fcd.jpg, faces/1e8d8f13067dcfb091399ce903c45fcd.jpg, faces/ee0736769ec9392fbadac318bb5d2594.jpg, faces/f21cd7e52e37161fae5c3599442cb9c5.jpg"
influencer_19,0.5517497087933333,0.3163454412255281,3,"faces/2ec87e2bfb5824656e1c0b96cfc18dcd.jpg, faces/55d2e56028d808d3bebe83eb1b57808a.jpg, faces/55d2e56028d808d3bebe83eb1b57808a.jpg"
influencer_20,0.5517497087933333,0.3163454412255281,3,"faces/b4a68d511d8e121d8f23cecfeedf44ba.jpg, faces/d962b5c511d59a76ce3f39efe62feb03.jpg, faces/d962b5c511d59a76ce3f39efe62feb03.jpg"
influencer_21,0.5517497087933333,0.3163454412255281,3,"faces/0df195425defbd0e6ec573777ce1f8b2.jpg, faces/80620756b8f71d995704265721af0ee4.jpg, faces/80620756b8f71d995704265721af0ee4.jpg"
influencer_22,0.5517497087933333,0.3163454412255281,3,"faces/8208af1a0fabbdf14321feb017ca8ff0.jpg, faces/f43b4a41727e6fc7daad041141f17038.jpg, faces/f43b4a41727e6fc7daad041141f17038.jpg"
influencer_24,0.5517497087933333,0.3163454412255281,3,"faces/b73ccd7ce79231aaccc73348bb7be7a9.jpg, faces/f92355c02d87386564be5c8febf0c5c8.jpg, faces/f92355c02d87386564be5c8febf0c5c8.jpg"
influencer_26,0.5517497087933333,0.3163454412255281,3,"faces/f350e48a2dd0aed54ee0e429deabbcb6.jpg, faces/f1613b6839fb7e4eaf5ccbb02e48251e.jpg, faces/f1613b6839fb7e4eaf5ccbb02e48251e.jpg"
influencer_21,0.5496,0.0,1,faces/e6a6b097799774277a24df07c34a0999.jpg
influencer_19,0.5327,0.0002856099999999,2,"faces/0df195425defbd0e6ec573777ce1f8b2.jpg, faces/80620756b8f71d995704265721af0ee4.jpg"
influencer_20,0.5327,0.0002856099999999,2,"faces/b73ccd7ce79231aaccc73348bb7be7a9.jpg, faces/f92355c02d87386564be5c8febf0c5c8.jpg"
influencer_31,0.5277488215,0.0,1,faces/b63b5ee12bf19f067e29cc6d9aac6571.jpg
influencer_32,0.5277488215,0.0,1,faces/674c166f5e93e5af8635520f8795be6f.jpg
influencer_24,0.5158,0.0,1,faces/1e623098a85ae340cbe8db907a91189d.jpg
influencer_16,0.4347999999999999,0.0193592266666666,3,"faces/e3b71a54cc9cccc8c6e16d554f49f1bd.jpg, faces/d665f8112f48ff6a456b5f85eb8cda0e.jpg, faces/5494c6830891b93eb8d025da15d4518b.jpg"
influencer_15,0.4235,0.0143186499999999,4,"faces/973d3684a4ef612c61b25d97e648f15a.jpg, faces/ae5117996a1e8a120b31d2cc8359485a.jpg, faces/4ff441196aca7c3de0d06a42172cd7c0.jpg, faces/ae5117996a1e8a120b31d2cc8359485a.jpg"
influencer_10,0.407699446295,0.1111577276473417,2,"faces/c4a20fc5cab3b226b07740372fb6a56a.jpg, faces/218529212a38b0d50cf58db3b8d4a4a7.jpg"
influencer_37,0.39338387465,0.0195317777033822,2,"faces/75ac06fe48011fb83e77b3f56f4bf3b7.jpg, faces/a29c87e5bd3fcd911350d7883d13cf52.jpg"
influencer_22,0.3103,0.0,1,faces/1bb1884dd8dcc8380ec32775423c4008.jpg
influencer_23,0.3103,0.0,1,faces/4305c40fc1f1b078246d10b766ee4fd7.jpg
influencer_25,0.2966681915,0.0,1,faces/e6a6b097799774277a24df07c34a0999.jpg
influencer_29,0.239,0.0,1,faces/c4a20fc5cab3b226b07740372fb6a56a.jpg
influencer_28,0.2123,0.0,1,faces/4c1f07d52b6607d7fcc612b2798b4bd3.jpg
influencer_36,0.1487682764,0.0,1,faces/002c4892ec351b4f7d3f4bb591c61931.jpg
